regime_volume,regime_volatility,n,delta_is_mean,forecast_vwap_better_is_rate,twap_fill_mean,forecast_vwap_fill_mean
High volume,High vol,251,-0.009225346618445103,0.5657370517928287,0.9039194272182721,0.9003920698823112
High volume,Low vol,249,-0.004642180190589676,0.5461847389558233,0.8887678903968921,0.887093965659235
Low volume,High vol,249,-0.004637703189778188,0.5060240963855421,0.9911607374129677,0.9769347402099929
Low volume,Low vol,251,0.0009324441080332146,0.4820717131474104,0.9959639032019427,0.9837645934415599
