regime_volume,regime_volatility,n,delta_is_mean,forecast_vwap_better_is_rate,twap_fill_mean,forecast_vwap_fill_mean
High volume,High vol,282,-0.00026663197011430283,0.5425531914893617,0.9265793029326757,0.9214433772050145
High volume,Low vol,218,-0.0030476494097660596,0.5091743119266054,0.9287276724700153,0.9264356499160225
Low volume,High vol,218,0.007009998799306332,0.463302752293578,0.9934225761519532,0.9926247165083334
Low volume,Low vol,282,0.001335077173679212,0.5106382978723404,0.9951097162422031,0.9904219848792734
